{
  "timestamp": "2026-01-10 04:49:06",
  "iterations": 10,
  "benchmarks": [
    {
      "command": "recent (10 conversations)",
      "rust": {
        "mean_ms": 4.768333403626457,
        "median_ms": 4.625208006473258,
        "min_ms": 4.3521670158952475,
        "max_ms": 5.684332980308682,
        "stddev_ms": 0.39886934025746706,
        "times_ms": [
          5.175874975975603,
          5.684332980308682,
          4.927500034682453,
          4.600999993272126,
          4.439209005795419,
          4.572124977130443,
          4.582834022585303,
          4.3521670158952475,
          4.698875010944903,
          4.6494160196743906
        ]
      },
      "python": {
        "mean_ms": 56.52708350098692,
        "median_ms": 56.463708489900455,
        "min_ms": 55.95404194900766,
        "max_ms": 57.588167022913694,
        "stddev_ms": 0.4271427813077792,
        "times_ms": [
          56.54775002039969,
          56.72500003129244,
          55.95404194900766,
          56.39287503436208,
          56.287749961484224,
          56.3719579949975,
          56.30870902677998,
          57.588167022913694,
          56.56004202319309,
          56.53454194543883
        ]
      },
      "speedup": 11.854683537438138
    },
    {
      "command": "unread",
      "rust": {
        "mean_ms": 4.7337084950413555,
        "median_ms": 4.738125018775463,
        "min_ms": 4.304041969589889,
        "max_ms": 5.115458974614739,
        "stddev_ms": 0.27520488393920434,
        "times_ms": [
          5.036999995354563,
          4.671333008445799,
          4.804917029105127,
          4.565083014313132,
          4.995708994101733,
          5.115458974614739,
          4.833041981328279,
          4.304041969589889,
          4.64491598540917,
          4.3655839981511235
        ]
      },
      "python": {
        "mean_ms": 57.09457918419503,
        "median_ms": 56.869833468226716,
        "min_ms": 55.847749987151474,
        "max_ms": 59.16858301497996,
        "stddev_ms": 1.0300278669166074,
        "times_ms": [
          57.2930839844048,
          56.33941700216383,
          56.35958298807964,
          57.15545796556398,
          56.97874998440966,
          58.53362497873604,
          59.16858301497996,
          55.847749987151474,
          56.50862498441711,
          56.76091695204377
        ]
      },
      "speedup": 12.061279067775851
    },
    {
      "command": "analytics (30 days)",
      "rust": {
        "mean_ms": 23.19527929648757,
        "median_ms": 23.22914599790238,
        "min_ms": 22.410292003769428,
        "max_ms": 24.006291991099715,
        "stddev_ms": 0.4855631444499408,
        "times_ms": [
          23.699959041550756,
          22.410292003769428,
          24.006291991099715,
          23.136749980039895,
          23.26791698578745,
          23.190375010017306,
          23.314082995057106,
          22.488417045678943,
          23.032749944832176,
          23.405957967042923
        ]
      },
      "python": {
        "mean_ms": 72.11625399067998,
        "median_ms": 71.53122898307629,
        "min_ms": 69.12566703977063,
        "max_ms": 78.04662495618686,
        "stddev_ms": 2.5086164423876767,
        "times_ms": [
          71.7887079808861,
          72.07383296918124,
          70.50108298426494,
          72.81974999932572,
          74.14570800028741,
          78.04662495618686,
          71.16112497169524,
          69.12566703977063,
          70.22629101993516,
          71.27374998526648
        ]
      },
      "speedup": 3.1090918573936053
    },
    {
      "command": "followup (7 days)",
      "rust": {
        "mean_ms": 6.973466597264633,
        "median_ms": 6.92266647820361,
        "min_ms": 6.536124972626567,
        "max_ms": 7.491957978345454,
        "stddev_ms": 0.29811225404457004,
        "times_ms": [
          7.102583011146635,
          7.311291003134102,
          7.180584012530744,
          7.008665998000652,
          6.738041993230581,
          6.724208011291921,
          6.536124972626567,
          6.836666958406568,
          6.804542033933103,
          7.491957978345454
        ]
      },
      "python": {
        "mean_ms": 121.82168720755726,
        "median_ms": 62.77893701917492,
        "min_ms": 60.80545799341053,
        "max_ms": 653.9362909970805,
        "stddev_ms": 186.97149493319083,
        "times_ms": [
          60.80545799341053,
          61.97479204274714,
          63.11779102543369,
          653.9362909970805,
          65.78325002919883,
          61.570290999952704,
          63.94141598138958,
          62.44008301291615,
          61.46287498995662,
          63.18462500348687
        ]
      },
      "speedup": 17.469315369681738
    },
    {
      "command": "reactions (100)",
      "rust": {
        "mean_ms": 5.196004291065037,
        "median_ms": 5.176520993700251,
        "min_ms": 4.736125003546476,
        "max_ms": 6.073541997466236,
        "stddev_ms": 0.3895953878479703,
        "times_ms": [
          5.450957978609949,
          6.073541997466236,
          4.916999954730272,
          4.736125003546476,
          5.200791987590492,
          5.314874986652285,
          4.91524999961257,
          4.846458963584155,
          5.352792039047927,
          5.15224999981001
        ]
      },
      "python": {
        "mean_ms": 53.174828994087875,
        "median_ms": 53.229958488373086,
        "min_ms": 51.39529099687934,
        "max_ms": 54.991999990306795,
        "stddev_ms": 1.143328323034947,
        "times_ms": [
          51.39529099687934,
          54.15166600141674,
          52.2498749778606,
          53.291791991796345,
          53.43762499978766,
          51.734124950598925,
          54.315583023708314,
          54.991999990306795,
          53.0122080235742,
          53.16812498494983
        ]
      },
      "speedup": 10.233792355700404
    },
    {
      "command": "handles (30 days)",
      "rust": {
        "mean_ms": 5.814404092961922,
        "median_ms": 5.872874491615221,
        "min_ms": 5.197833990678191,
        "max_ms": 6.393457995727658,
        "stddev_ms": 0.4265035302764966,
        "times_ms": [
          5.540624959394336,
          5.813082971144468,
          5.197833990678191,
          5.932666012085974,
          6.152499991003424,
          5.487042013555765,
          5.2549170213751495,
          6.2911660061217844,
          6.393457995727658,
          6.080749968532473
        ]
      },
      "python": {
        "mean_ms": 55.830408283509314,
        "median_ms": 54.32974998257123,
        "min_ms": 53.464542026631534,
        "max_ms": 66.21220795204863,
        "stddev_ms": 3.8922233531112345,
        "times_ms": [
          57.166583952493966,
          66.21220795204863,
          56.98695802129805,
          53.646374959498644,
          54.92049996973947,
          54.31683297501877,
          53.464542026631534,
          53.59829094959423,
          54.34266699012369,
          53.64912503864616
        ]
      },
      "speedup": 9.602086024789633
    },
    {
      "command": "unknown (30 days)",
      "rust": {
        "mean_ms": 30.533012497471645,
        "median_ms": 30.555312492651865,
        "min_ms": 29.959417006466538,
        "max_ms": 31.047208001837134,
        "stddev_ms": 0.4241927204733906,
        "times_ms": [
          30.47966700978577,
          29.98733299318701,
          30.486791976727545,
          30.95954196760431,
          30.03125003306195,
          31.047208001837134,
          30.623833008576185,
          29.959417006466538,
          31.025791948195547,
          30.729291029274464
        ]
      },
      "python": {
        "mean_ms": 61.70936248381622,
        "median_ms": 60.46752099064179,
        "min_ms": 59.68441697768867,
        "max_ms": 71.87320798402652,
        "stddev_ms": 3.6263700776289802,